Nom du fichier,Lien direct,Chemin complet
Projet sans titre,https://drive.google.com/uc?export=view&id=1GEHT4Z8yxQqqpxYNPANuY9Hm3Fv45vrq4YGO6lx0Jv-kZrWFpFN6ty2d,img
logo.png,https://drive.google.com/uc?export=view&id=1Unpw7lCFzNy3ypm9ZvryVCW4teyGkYsa,img
logo2.png,https://drive.google.com/uc?export=view&id=1paWQOq9U9t-zGJXotXtNA16GxQrRzOlL,img
thor2_3.jpg,https://drive.google.com/uc?export=view&id=1-LwPaU8QnerKnW0mbj-8CpZISry11Ttp,img / photos
thor2_4.jpg,https://drive.google.com/uc?export=view&id=12nGwX71se91hqaJqfM8WxAg7Mp7RyCuW,img / photos
thor2_2.jpg,https://drive.google.com/uc?export=view&id=1JK54u2CfB1opwa6u2_xSMSQ37dydSbpv,img / photos
thor2_1.jpg,https://drive.google.com/uc?export=view&id=1a45jr7wGR8k4WYJOr1TXxtmDCbEIPwib,img / photos
thor_4.jpg,https://drive.google.com/uc?export=view&id=1huEArCfgOmZXFybGhl3fRyigvbZNTLJ_,img / photos
thor_3.jpg,https://drive.google.com/uc?export=view&id=165-CqGOiv2a-HxrZlevoXNsTjFbKuGOd,img / photos
thor_2.jpg,https://drive.google.com/uc?export=view&id=1BbM1UG6SjHG9rhlsw9f4wVBruW1fUQst,img / photos
thor_1.jpg,https://drive.google.com/uc?export=view&id=1otqFsQYCZH0ajvX5OK4017e_74Pa2Rp-,img / photos
starwarsVIII_4.jpg,https://drive.google.com/uc?export=view&id=1gqR5u-FGhtGwQByTTLDS7OBiI0OsyhU3,img / photos
starwarsVIII_3.jpg,https://drive.google.com/uc?export=view&id=1NQx2bhDZUTXbQMvfinuC4GakYgUBNOKN,img / photos
starwarsVIII_2.jpg,https://drive.google.com/uc?export=view&id=1lZlZkUw-F6LIQKuTX4u1fLgI1M4KQEUi,img / photos
starwarsVIII_1.jpg,https://drive.google.com/uc?export=view&id=1s6O347eHPUkUj7fZfYzfh5kmI2KNDgf6,img / photos
starwarsVII_3.jpg,https://drive.google.com/uc?export=view&id=1hwXt6nf5vjuNY2uXmH4OgL7-WW5Uq1Aj,img / photos
starwarsVII_4.jpg,https://drive.google.com/uc?export=view&id=1kiYH3yB_B32jyNS5NVbYZACTf-oOlhF9,img / photos
starwarsVII_2.jpg,https://drive.google.com/uc?export=view&id=19fgCvsXKS9wJ29ExMFYx8CrEtqsakZiX,img / photos
starwarsVI_3.jpg,https://drive.google.com/uc?export=view&id=1AsZFOjuING8Fzr8d0RW2J9zQ7dslGy3p,img / photos
starwarsVII_1.jpg,https://drive.google.com/uc?export=view&id=1dfJKKZuOL5sJBasf3Bpr8zltmQMVrmgB,img / photos
starwarsVI_4.jpg,https://drive.google.com/uc?export=view&id=1l_wJbhCi8xQrSreSSCAIBOfR9XCWwLjk,img / photos
starwarsVI_2.jpg,https://drive.google.com/uc?export=view&id=100WmZvIIXntieU1sHeolrvtTwfQpW8z2,img / photos
starwarsVI_1.jpg,https://drive.google.com/uc?export=view&id=1aAC9GVCQGH7L_zG7j7GWEWir2trAQmqj,img / photos
starwarsV_3.jpg,https://drive.google.com/uc?export=view&id=19MMRhX9ycllxJOhFGzmqEy7udcs951SV,img / photos
starwarsV_2.jpg,https://drive.google.com/uc?export=view&id=1OuyL9ne8rCnQpX_l7mphoPrRsaiHnq3V,img / photos
starwarsV_4.jpg,https://drive.google.com/uc?export=view&id=1s4Jnbq9Xy92qiPgDuxFHFNJJSRHBP4fQ,img / photos
starwarssolo4.jpg,https://drive.google.com/uc?export=view&id=1KXHSYi5gjSUruqLT_HBiPRwy6IJ0zcQd,img / photos
starwarssolo3.jpg,https://drive.google.com/uc?export=view&id=1qM4fbNKls3QFvMezqZ6Z-A7G5tgVoid9,img / photos
starwarsV_1.jpg,https://drive.google.com/uc?export=view&id=1ui9QaiQzFG1JWtykcr-2NB6fsVyREKN9,img / photos
starwarssolo1.jpg,https://drive.google.com/uc?export=view&id=10GIgsbGp_nBsSU5umEzElYRgra-DUMre,img / photos
starwarsrogue4.jpg,https://drive.google.com/uc?export=view&id=1C8N2eqpLPqDnBlYa-nm0hLlsELspyrBu,img / photos
starwarssolo2.jpg,https://drive.google.com/uc?export=view&id=1LEI2_Kh7bdrD4WRVchi1Zor50TAnFJM_,img / photos
starwarsrogue2.jpg,https://drive.google.com/uc?export=view&id=1cplDpfwYDiAP48LE9Xe3lSkeUfxM96Ap,img / photos
starwarsrogue3.jpg,https://drive.google.com/uc?export=view&id=1qafAoyRXQ2QUumRa899tN7TvSDkdOgVh,img / photos
starwarsrogue1.jpg,https://drive.google.com/uc?export=view&id=1sU6y1fI48-NYzDtqnU2tTF6lQjG0nXEx,img / photos
starwarsIX_4.jpg,https://drive.google.com/uc?export=view&id=1KMQgcHyAXR9Xe9ctpykK0Jc4rcA574ZM,img / photos
starwarsIX_3.jpg,https://drive.google.com/uc?export=view&id=1mZeDVT00gXf52Ee-FOfzvz6wD7LjbWOB,img / photos
starwarsIX_2.jpg,https://drive.google.com/uc?export=view&id=12R4JmQ8EBPTgGcPj73AfTwjHqzI1hRnH,img / photos
starwarsIX_1.jpg,https://drive.google.com/uc?export=view&id=1HE_WrqN8J_8KF72t5wPRQZT2w8ziWQBP,img / photos
starwarsIV_2.jpg,https://drive.google.com/uc?export=view&id=16C68yFEoS5Q5bclwv9h2Vdo0tI6AtvqW,img / photos
starwarsIV_1.jpg,https://drive.google.com/uc?export=view&id=1DswdHwLsLpWJ8SBUjzq5Wsdm14YkLVZ0,img / photos
starwarsIV_3.jpg,https://drive.google.com/uc?export=view&id=1kMfyluhSNJUENCJOfQ8u11P0rWs8M8G5,img / photos
starwarsIV_4.jpg,https://drive.google.com/uc?export=view&id=1o_0IRYheT2Ue4ZvczdDf9UDsbrVhqtba,img / photos
starwarsIII_4.jpg,https://drive.google.com/uc?export=view&id=1bUb5bH3rBfTEhq98dJ33blVt1Lt8ARBa,img / photos
starwarsIII_2.jpg,https://drive.google.com/uc?export=view&id=1ghd8V7Br4HPbuJvHDVdissy134YyYyAe,img / photos
starwarsIII_3.jpg,https://drive.google.com/uc?export=view&id=1tFRNLlf2fsvGhlwFxJ7f6chNyUsU-uzO,img / photos
starwarsII_4.jpg,https://drive.google.com/uc?export=view&id=10frA3ysL5k4dCP3VRmBns78W6HK2YHDL,img / photos
starwarsII_3.jpg,https://drive.google.com/uc?export=view&id=149ZRCfnOT5ygq4kj42b_1-ZkBdr_5iQn,img / photos
starwarsII_2.jpg,https://drive.google.com/uc?export=view&id=18mng54oHq0PzKKpH8ZQP2blqnmbjkidh,img / photos
starwarsI_4.jpg,https://drive.google.com/uc?export=view&id=1ImHP3gxQ2vZzMYrcdQnaXngLPvmnf4Qh,img / photos
starwarsII_1.jpg,https://drive.google.com/uc?export=view&id=1URJpcEZssTJUyZmvWe6lZFygNGnr551R,img / photos
starwarsIII_1.jpg,https://drive.google.com/uc?export=view&id=1XW8fUmizIJXtj73Cu3Ue7jk68J4TpAW5,img / photos
starwarsI_3.jpg,https://drive.google.com/uc?export=view&id=1TfAiDjogMgQtUZXe_vlCWbNJNw01L2UH,img / photos
starwarsI_2.jpg,https://drive.google.com/uc?export=view&id=1iy0SrMiA3wsMFnSmKQ31E5xExlpaQeLR,img / photos
matrix4.jpg,https://drive.google.com/uc?export=view&id=155IY-35Rxz-YNCvKoa3-GKDfs-o4WC28,img / photos
starwarsI_1.jpg,https://drive.google.com/uc?export=view&id=1nJpS926J_brSy0AvQuohYo_hWWLHOSXQ,img / photos
matrix3.jpg,https://drive.google.com/uc?export=view&id=12XAF1jr-OffshRNQPl4COPeZrRmqdjjo,img / photos
matrix2.jpg,https://drive.google.com/uc?export=view&id=1PskF4buX_zDMp89Ygcb0uvdzsHbG5hbL,img / photos
ironman3_3.jpg,https://drive.google.com/uc?export=view&id=10R-YcKfzTLtxZO1zXJx9k_RC9vf5hUb0,img / photos
matrix1.jpg,https://drive.google.com/uc?export=view&id=1M6V0bulKkvKvtBl-kYGm1pilU4WTsfbJ,img / photos
ironman3_4.jpg,https://drive.google.com/uc?export=view&id=1_KiNLuIA9H5mijtK0LjRxILZByTeVSEg,img / photos
ironman3_2.jpg,https://drive.google.com/uc?export=view&id=17sAqWl9Jo9C8pxio4Zv5BfaXJJtkT7by,img / photos
ironman2_3.jpg,https://drive.google.com/uc?export=view&id=1Cj5RKwRLSsJx0dYbIrZfg0PnmDnnLO-U,img / photos
ironman2_4.jpg,https://drive.google.com/uc?export=view&id=1SQ1rZHRDdB9hDfiVzNFjAuS-RwAnNWVx,img / photos
ironman3_1.jpg,https://drive.google.com/uc?export=view&id=1q8Aqq1LDnHxIAgTwVVHiY3EKT2nXzNfv,img / photos
ironman2_2.jpg,https://drive.google.com/uc?export=view&id=17M0EYuP2KVILln8j7l5bNdCK2FoVXON3,img / photos
ironman2_1.jpg,https://drive.google.com/uc?export=view&id=17SQhk0cQvSm_RAM0UCC9FVxegLO4wG5b,img / photos
ironman_4.jpg,https://drive.google.com/uc?export=view&id=1pHILItNuPM0vEI-FofAgUVZFrlzP0iJx,img / photos
ironman_3.jpg,https://drive.google.com/uc?export=view&id=1VFu6BWxOxGEbsVzybWZR1FFA4GtTJMEY,img / photos
ironman_2.jpg,https://drive.google.com/uc?export=view&id=1T4P196e1M2SVNeE15nrnz6cJXwxIvd36,img / photos
ironman_1.jpg,https://drive.google.com/uc?export=view&id=1dKA1xEPmekOyx-a__abSfH1dGEEih4hX,img / photos
interstellar2.jpg,https://drive.google.com/uc?export=view&id=1ORxrCyAA4szPqr_jlKo0zfETxudtvkKY,img / photos
interstellar3.jpg,https://drive.google.com/uc?export=view&id=1axK2b0itlnIrKSJH4yXqXlQg5E8KobRL,img / photos
interstellar4.jpg,https://drive.google.com/uc?export=view&id=1b12VZem9MnWG6r0WyWSRsjfP8DKInawJ,img / photos
interstellar1.jpg,https://drive.google.com/uc?export=view&id=1c8-90DC3b5thCHRFQe0et2Hn6_Upx-LL,img / photos
inception4.jpg,https://drive.google.com/uc?export=view&id=1ZBTQUErCcSpUfXwiohNWLKl9g96NfG32,img / photos
inception2.jpg,https://drive.google.com/uc?export=view&id=1EvYxHs6scn2PD_nz3N2dSSaAE9Uc7dgF,img / photos
inception1.jpg,https://drive.google.com/uc?export=view&id=1fUYPoEiRMza4ANwLeZ4zX-xIBAkREJ7x,img / photos
inception3.jpg,https://drive.google.com/uc?export=view&id=1nNOpb80xTKVho_TsFPEkPCvp-pprfj9w,img / photos
hulk_4.jpg,https://drive.google.com/uc?export=view&id=1yYysAIcct86FCUOw6xT5g-hf5BpdFASf,img / photos
hulk_3.jpg,https://drive.google.com/uc?export=view&id=17Fuwdy_n-k71Wc6Skyp43de57kP6RIII,img / photos
hulk_1.jpg,https://drive.google.com/uc?export=view&id=1G6d1GK2KCYQ0Z5Sjj1CKuJmn608zyBX2,img / photos
harryVIII_4.jpg,https://drive.google.com/uc?export=view&id=1VKmKoZn-IPMwzAQv5KGWmEpngNRUUnA4,img / photos
hulk_2.jpg,https://drive.google.com/uc?export=view&id=1w3iL1GZ8yGSAA3syXbeAMPugfepWpU0e,img / photos
harryVIII_1.jpg,https://drive.google.com/uc?export=view&id=1SawWWzESGozIdgUDd9uBfJyyiam4zk1e,img / photos
harryVIII_3.jpg,https://drive.google.com/uc?export=view&id=1oOq9HII0OMh5Rsq76DBU8Y7iQc0OS6U7,img / photos
harryVIII_2.jpg,https://drive.google.com/uc?export=view&id=1xJuOAu1ftuBIZY-yrUinBB7negxDEa_o,img / photos
harryVII_2.jpg,https://drive.google.com/uc?export=view&id=147tM5l_JuDR4Xp0FrPUIxbFmW1-181pX,img / photos
harryVII_3.jpg,https://drive.google.com/uc?export=view&id=1_FR5bYRBKLvegDzQrTDKRs5hhSiJV7ox,img / photos
harryVII_4.jpg,https://drive.google.com/uc?export=view&id=1hrgIvCxzYKGM6oosjk-gmHxYV_0yJ6G0,img / photos
harryVI_3.jpg,https://drive.google.com/uc?export=view&id=1EPvi683hE1YLY4GMpxxLV9z6ZTGWBqka,img / photos
harryVI_4.jpg,https://drive.google.com/uc?export=view&id=1Kqn9ETSJxJmx6-2V8NNyKZIxjysfFKGG,img / photos
harryVII_1.jpg,https://drive.google.com/uc?export=view&id=1QCYzUfwAPN7ORNTePy5KIysfBAZtkam1,img / photos
harryVI_2.jpg,https://drive.google.com/uc?export=view&id=145FR5Ckxs0tTeWKbwUAcu7DeQs9Um3_L,img / photos
harryVI_1.jpg,https://drive.google.com/uc?export=view&id=1TisdaGHVFPOYlHLrVQiPoRaXrB_zTU5C,img / photos
harryV_4.jpg,https://drive.google.com/uc?export=view&id=1Y4QXsDwPiQUgyJg7Z5QgFcLBEwupMQJS,img / photos
harryV_2.jpg,https://drive.google.com/uc?export=view&id=174NtTmGzDfazgW0z2ycooM0uNEMksx6c,img / photos
harryV_3.jpg,https://drive.google.com/uc?export=view&id=1AmjwC6IWOIQf-UsCE7KBFOgRYf-Q8NTn,img / photos
harryV_1.jpg,https://drive.google.com/uc?export=view&id=1GLtEbWuhoNYvVN2sGL9_-AwptuK8QkR6,img / photos
harryIV_4.jpg,https://drive.google.com/uc?export=view&id=1AkJ3myfaxeApLA-RX7nSMjrIHJuoXmE_,img / photos
harryIV_2.jpg,https://drive.google.com/uc?export=view&id=1k0rSm56A_ZIBjwS5cfwqYBtNfye2WME-,img / photos
harryIV_3.jpg,https://drive.google.com/uc?export=view&id=1o5Uyn7ySAJFIqbVRhQE6YENV0F_XJPUH,img / photos
harryIII_3.jpg,https://drive.google.com/uc?export=view&id=1S2KK4ti9vNPQlRUENqT67Ejm_n-Fjsk9,img / photos
harryIII_4.jpg,https://drive.google.com/uc?export=view&id=163dl4fmICVH8CVKtbPVB9plz5vemjWSP,img / photos
harryIV_1.jpg,https://drive.google.com/uc?export=view&id=1zlSi0v0pVFPJvjphTTQQJ6uW0pjrE1e2,img / photos
harryIII_2.jpg,https://drive.google.com/uc?export=view&id=1Z5TuY0HLiCK4vTGNauloPCKo3QBiVY5A,img / photos
harryIII_1.jpg,https://drive.google.com/uc?export=view&id=1IliSogYE9jnq79oUcnHPCqCTYxY9ow-B,img / photos
harryII_4.jpg,https://drive.google.com/uc?export=view&id=1NJWCbIAFSzX9NNiQ9JhMM80y0cQnuV3o,img / photos
harryII_2.jpg,https://drive.google.com/uc?export=view&id=1g4Aowj80-E190VkHBDgDWKrCFK02TTMA,img / photos
harryII_3.jpg,https://drive.google.com/uc?export=view&id=1zZxKnjq3rMt0nndNOE4sdPVBQNJyqyVm,img / photos
harryII_1.jpg,https://drive.google.com/uc?export=view&id=1PtRL6xQvQwJz04JVM2xwWUtpoLmJvdU_,img / photos
harryI_2.jpg,https://drive.google.com/uc?export=view&id=1Q8UfiQuSnusTucsMUuKQ63byfx6LoApG,img / photos
harryI_3.jpg,https://drive.google.com/uc?export=view&id=1fPKQ9PRUWaYLyzEaYh40FNJqxR4j1L3k,img / photos
harryI_4.jpg,https://drive.google.com/uc?export=view&id=1rVp-nsUBlWajEHZIFpGJnxDRLbM2vwc9,img / photos
harryI_1.jpg,https://drive.google.com/uc?export=view&id=1TNEWFdkK71tgI20T4fjHK004zp1WW5bD,img / photos
gardiensg1_3.jpg,https://drive.google.com/uc?export=view&id=1-z0Z_BqnkRWF0xUt3c41Xty4EzSGX0OO,img / photos
gardiensg1_4.jpg,https://drive.google.com/uc?export=view&id=1djfGlXZrKOUQNEKPmqX_44xys0e3eAEB,img / photos
gardiensg1_1.jpg,https://drive.google.com/uc?export=view&id=1-Nfh3yiGDTrWN40PyZAj82ewl1-DblJD,img / photos
gardiensg1_2.jpg,https://drive.google.com/uc?export=view&id=1NISF_SP6vrZDyWQKnEeKL_F6Bji-7PTE,img / photos
darkknight4.jpg,https://drive.google.com/uc?export=view&id=1tjv5Byzk6zvU0rKd6WV66VUo2RZrHT88,img / photos
darkknight3.jpg,https://drive.google.com/uc?export=view&id=1mQ3SuGQaBfVNa4P3YrJ-lffXpe9IET6e,img / photos
darkknight2.jpg,https://drive.google.com/uc?export=view&id=1Qd9Hma5JL1mnbqHvXJTXDR4Jz2O3gv35,img / photos
darkknight1.jpg,https://drive.google.com/uc?export=view&id=1kEqctOjU6LooZlbRMYFAGMXuoRhuZy2_,img / photos
captain2_3.jpg,https://drive.google.com/uc?export=view&id=14tHjgJhp9A_FrseQhxTq03RrHDu6W_BS,img / photos
captain2_4.jpg,https://drive.google.com/uc?export=view&id=1scArdS9_JP7MdIDvx4frmMhaDThtaXGY,img / photos
captain2_2.jpg,https://drive.google.com/uc?export=view&id=1qXeTzDWELTQvwvTTAFVYavgfpnHtdo7P,img / photos
captain2_1.jpg,https://drive.google.com/uc?export=view&id=1zlOTKnbn0uYEN2Q4gIM6QI_N-BpBzqU9,img / photos
captain1_4.jpg,https://drive.google.com/uc?export=view&id=1I0mqeHsAnG5hgtqX2BktCsKBaahpjBYb,img / photos
captain1_1.jpg,https://drive.google.com/uc?export=view&id=1buF2-Z6WkY9kb97PWjZzV5-RlCeOq8Dh,img / photos
captain1_2.jpg,https://drive.google.com/uc?export=view&id=1bv0hL4oHUTizsTpQbDzjDcnFxJlldZ5d,img / photos
captain1_3.jpg,https://drive.google.com/uc?export=view&id=1nX_TPf1rg1dQLFwpinYjIYILyc_88sgD,img / photos
avengers2_4.jpg,https://drive.google.com/uc?export=view&id=1t2vtAR4XMY7Tllf8OAvA3za46ZF4iDc9,img / photos
avengers2_3.jpg,https://drive.google.com/uc?export=view&id=1OpewnnZpQ-gyUcN6uC5Vz_tumzTPfGkh,img / photos
avengers2_1.jpg,https://drive.google.com/uc?export=view&id=1bmwRN3vB6NILoGyzynWsWC6pY2CD3fsD,img / photos
avengers2_2.jpg,https://drive.google.com/uc?export=view&id=1sX7XbWP1hqgVuqJK0K6NEIIKYwSXmmog,img / photos
avengers1_4.jpg,https://drive.google.com/uc?export=view&id=1WdOHj4vEO7GvDpaV7BN18sr9XNvheNRA,img / photos
avengers1_3.jpg,https://drive.google.com/uc?export=view&id=1pUF2o8_gbjaUNOJi4qSdyRt45RM6b_uA,img / photos
avengers1_2.jpg,https://drive.google.com/uc?export=view&id=1a-jv3ell706Hn2wp38zRvn0agVirhYm1,img / photos
avengers1_1.jpg,https://drive.google.com/uc?export=view&id=1ruvnbtFmbCffEXDkG_ii4PqXFhn-N5Bk,img / photos
antman_4.jpg,https://drive.google.com/uc?export=view&id=1px2srAf555PLtXgoaKfuihW6WYI68PiA,img / photos
antman_3.jpg,https://drive.google.com/uc?export=view&id=1ACPblGzhEqFWJz5ZKVkv1uO1f_5PNtxj,img / photos
antman_2.jpg,https://drive.google.com/uc?export=view&id=1dFi9ClHtU-z7g93bEzi9ucjwJDcXIUz4,img / photos
antman_1.jpg,https://drive.google.com/uc?export=view&id=1D890LIhTcFm2OXxZgdPzx_pPQncjeEic,img / photos
ahsoka4.jpg,https://drive.google.com/uc?export=view&id=1rgLQHtzN7EeE24PoVBaSvkJ1t8Hkdnul,img / photos
ahsoka3.jpg,https://drive.google.com/uc?export=view&id=1fyADWWiEwK8IRHPEBCa9xEzLJyXnPlsy,img / photos
ahsoka2.jpg,https://drive.google.com/uc?export=view&id=1dTC1cq4t7YaMe5s0v_f5YmyQywu9LpV-,img / photos
ahsoka1.jpg,https://drive.google.com/uc?export=view&id=1-W1ZdgCdKwPBdT7dXIVI9XIK-M2P1NhV,img / photos
jurassicpark2_4.jpg,https://drive.google.com/uc?export=view&id=1zFqsIAhn7kqKNAsJ4p7y99ykXdS6lP6z,img / photos
dstrange_4.jpg,https://drive.google.com/uc?export=view&id=1q45WWUt8MTK0L8u4jiuMrcLN6mJIEJxN,img / photos
avengers4_4.jpg,https://drive.google.com/uc?export=view&id=1txpYtPvFkITENq6y8nlLNGGjQaJy4Zln,img / photos
antman2_2.jpg,https://drive.google.com/uc?export=view&id=1EaqLBb9ZkgxpFo-r1ipH5ZpHoFMemCsV,img / photos
avengers4_3.jpg,https://drive.google.com/uc?export=view&id=1nRRqZckxk_I1ZJfEmr4I0tEN6OVWy852,img / photos
jurassicpark5_1.jpg,https://drive.google.com/uc?export=view&id=1cfpxx3pYnAI2t8GDoRTL4g19-gTOWPj0,img / photos
jurassicpark5_4.jpg,https://drive.google.com/uc?export=view&id=1xD10pLiGzLx1wxJtJUIqfY9hNFQ4j2PS,img / photos
acolyte4.jpg,https://drive.google.com/uc?export=view&id=10TR4H5wIFhMF4mYHEA92mEb7rzC3ef2s,img / photos
dwolv_2.jpg,https://drive.google.com/uc?export=view&id=1oMo6_osjZ58oKnBhlJPT8gkX2PIZpJNC,img / photos
dwolv_4.jpg,https://drive.google.com/uc?export=view&id=1aa3iKzUfTtQGWFwscy8LERoNDsilt2Sp,img / photos
dwolv_3.jpg,https://drive.google.com/uc?export=view&id=1fBBO0qluF0mRzDoxobLtCO3YJOegpyeP,img / photos
gardiensg2_4.jpg,https://drive.google.com/uc?export=view&id=1Jqt8bD3QIAuTHYE-4L_786il2Otv2I05,img / photos
lordring5_4.jpg,https://drive.google.com/uc?export=view&id=1IE6x0RJWVy3pMNZ-HqBn0NPYb7A6kwPM,img / photos
jurassicpark2_3.jpg,https://drive.google.com/uc?export=view&id=1kqxXcHxzyo2OoikcjOf1i0pjsK1W8lEu,img / photos
jurassicpark_4.jpg,https://drive.google.com/uc?export=view&id=1Aul4r-WTy8HOwcxrEbCWPt0TPB-bfXma,img / photos
jurassicpark_3.jpg,https://drive.google.com/uc?export=view&id=1ZFytFKz_vfNYGZnK4cDMwW2Ow7LHWUos,img / photos
bpanther_3.jpg,https://drive.google.com/uc?export=view&id=1qQgsbm03WbzIflIySgbrMWbTvjT_zaQ1,img / photos
lordring2_4.jpg,https://drive.google.com/uc?export=view&id=1hhSK1StQHJKtF04IqnO7H3RYvlTrxLr_,img / photos
spiderman2_3.jpg,https://drive.google.com/uc?export=view&id=10bHpH1wOxjOCrOgtEv4-9--ODZoyrZPi,img / photos
captain3_1.jpg,https://drive.google.com/uc?export=view&id=1ZyXiAchvCRdJyrEDlv3cLRr3yvSYO0qb,img / photos
jurassicpark4_4.jpg,https://drive.google.com/uc?export=view&id=16zF64D3mjXEoL9OpWLWYJ4XhPJ3Y1h44,img / photos
thor4_3.jpg,https://drive.google.com/uc?export=view&id=1dqke4oEPlQm4lzctIdkFzH894Nne0on_,img / photos
capmarvel_4.jpg,https://drive.google.com/uc?export=view&id=1_Eym4cVYMNehJ-Xjul28TynslxgOhOck,img / photos
spiderman3_4.jpg,https://drive.google.com/uc?export=view&id=135EsIOliU9wCxDLPaj-PKwd9_hFlO2jR,img / photos
lordring1_4.jpg,https://drive.google.com/uc?export=view&id=1zDgAvQP5d8xeucfWqFOuAs62xJ9xHhtP,img / photos
lordring5_2.jpg,https://drive.google.com/uc?export=view&id=1KSf8ZG7BMUcpl2rVyKCir000dJjppwmm,img / photos
bpanther2_4.jpg,https://drive.google.com/uc?export=view&id=1uX9gMECYn7CqdV1PDk50WuKboHtX1PRP,img / photos
acolyte2.jpg,https://drive.google.com/uc?export=view&id=1_SFVK0Q49nzBHh08n2QL03pA1oksub3e,img / photos
dwolv_1.jpg,https://drive.google.com/uc?export=view&id=1Bf6kRkUG-M68IxG0uXA1zLR5J_MBBS0U,img / photos
acolyte1.jpg,https://drive.google.com/uc?export=view&id=1RjYYT--hn4y3l-2DF8szzeIgTASQ0Mk1,img / photos
acolyte3.jpg,https://drive.google.com/uc?export=view&id=1EvuIG73o0b7WlonSqmjoaof-k9o2XBO8,img / photos
marvels_4.jpg,https://drive.google.com/uc?export=view&id=1JCMS3K1glCa9dYt3M5SLe4IqrRxDdL4p,img / photos
avengers3_4.jpg,https://drive.google.com/uc?export=view&id=1x2QeAAEuS4GX-O_velS9qnCTJD9MItSz,img / photos
avengers3_2.jpg,https://drive.google.com/uc?export=view&id=1bTZzK5kudJRrn_KRJTRxgopLJkvGIKRI,img / photos
avengers3_3.jpg,https://drive.google.com/uc?export=view&id=13q9qbDL5Q4Rhcbr_LjBcq9uQMuaJW6bQ,img / photos
lordring3_3.jpg,https://drive.google.com/uc?export=view&id=14Pm3Ac1cXeoUlwI76xODriFXuRGD8HXx,img / photos
thor4_4.jpg,https://drive.google.com/uc?export=view&id=1WW9ZJZAd9O1j3OvvS5y9hdEgP3Hpdyey,img / photos
thor4_1.jpg,https://drive.google.com/uc?export=view&id=149FkHPi9UprtHG58sd8yC-DHam1zZwO0,img / photos
bpanther2_1.jpg,https://drive.google.com/uc?export=view&id=15THrD07I18hZDbZlAqt7XyVcTox9Qb1o,img / photos
jurassicpark3_1.jpg,https://drive.google.com/uc?export=view&id=16jfmDAVRkeNnrC9o_MKY_eNxo7csC1Km,img / photos
bpanther2_2.jpg,https://drive.google.com/uc?export=view&id=14NqC7Z3WFWIQnR6tiCo_3Voto1ChpLcw,img / photos
bpanther2_3.jpg,https://drive.google.com/uc?export=view&id=1CFOjy0ZNy4es20yNfAcTKJXH-BDX0Hou,img / photos
marvels_3.jpg,https://drive.google.com/uc?export=view&id=1DwlMWfdf9mLn162wlswJYezjHkCW0Xlv,img / photos
marvels_2.jpg,https://drive.google.com/uc?export=view&id=1iBC3Vuu4QM9L1MIBKfSqdtVud9TpKED-,img / photos
marvels_1.jpg,https://drive.google.com/uc?export=view&id=19OzoCeAifPQP01YUYSy5eM0OX_pT7DYq,img / photos
gardiensg3_3.jpg,https://drive.google.com/uc?export=view&id=1B58QkMKErpTHAxiSDHEBHGBuDbE0WNIn,img / photos
gardiensg3_4.jpg,https://drive.google.com/uc?export=view&id=1h6C2OtAlhp9FXIbaIKXStxp5il8N_U0d,img / photos
gardiensg3_1.jpg,https://drive.google.com/uc?export=view&id=1dxDqtQw6y6cbGGAMvok_86ZDFCrKHoeY,img / photos
jurassicpark4_1.jpg,https://drive.google.com/uc?export=view&id=18ambSnSP0nPH6gXr5o9vsyJFB4MFf59i,img / photos
gardiensg3_2.jpg,https://drive.google.com/uc?export=view&id=1VGz81yJAzgg60Bikiqb2RFqBgl4u4b7s,img / photos
antman3_2.jpg,https://drive.google.com/uc?export=view&id=1DAAmu8RbYMuWFKBa7D0aBuGEgAswjLx2,img / photos
antman3_3.jpg,https://drive.google.com/uc?export=view&id=14lItS0u7RiSKZHGjdvFSYTSjo6qydJUX,img / photos
antman3_4.jpg,https://drive.google.com/uc?export=view&id=1ZcuL1tKi425QgzOWPfNFhkJm5ReN2u-n,img / photos
eternels_3.jpg,https://drive.google.com/uc?export=view&id=1m5nAzXTnfM8PAnkjg61zynZk8P4hDzjn,img / photos
eternels_2.jpg,https://drive.google.com/uc?export=view&id=1oMCcATRTNvnHqSnA1AYScyb8NylNjRLb,img / photos
eternels_1.jpg,https://drive.google.com/uc?export=view&id=1vHSHCZ7Z9OMPNneuAPsL4wC1QA9o2dYL,img / photos
thor4_2.jpg,https://drive.google.com/uc?export=view&id=1WViIAmJVbWoH6otlL4zViYfIezORpblL,img / photos
dstrange2_1.jpg,https://drive.google.com/uc?export=view&id=1H4x1T5kQR22682fg0Ub9m2bn-iP5x6W4,img / photos
antman3_1.jpg,https://drive.google.com/uc?export=view&id=12l8ttq1GLSPHj3C_LWJk-Nr9DUW8UdA6,img / photos
jurassicpark4_3.jpg,https://drive.google.com/uc?export=view&id=1aPvimzCRg5J4saSjD6ByKpDLfjags4hQ,img / photos
dstrange_2.jpg,https://drive.google.com/uc?export=view&id=1B9KyrxOc8PGfJpUZy4EJS3wOfvZueQ6a,img / photos
dstrange_3.jpg,https://drive.google.com/uc?export=view&id=1vrh_LLIFLN6z-RNLpe0Y4cryC5MH4Tie,img / photos
dstrange_1.jpg,https://drive.google.com/uc?export=view&id=1wMElqYtej8DzyyB6CLLcH2xKiB8bl-kW,img / photos
jurassicpark2_1.jpg,https://drive.google.com/uc?export=view&id=1r2XtazLXSi_l9HthljS2dcdOQNNv7pwP,img / photos
jurassicpark6_3.jpg,https://drive.google.com/uc?export=view&id=1miBvDIl_DeLqrW2NzyT1QdqZXM26ItwI,img / photos
jurassicpark6_4.jpg,https://drive.google.com/uc?export=view&id=1CcAOvqYTiCXOwWy0xUWFIc7oOaybUCbi,img / photos
jurassicpark6_1.jpg,https://drive.google.com/uc?export=view&id=1O0y6O0Cr5hQVbgjdFImyCIjLJDYd3Q9C,img / photos
dstrange2_2.jpg,https://drive.google.com/uc?export=view&id=1bCQcjnLZ110Qye0zvO3NBU5iAySHc9pc,img / photos
dstrange2_4.jpg,https://drive.google.com/uc?export=view&id=1QbtZCoQBTjRRmRM_WZQciyPDhaF_c5W7,img / photos
blackwidow_4.jpg,https://drive.google.com/uc?export=view&id=1xnARsAS30AhB1s0CJx4kNCYD299COHSm,img / photos
thor3_3.jpg,https://drive.google.com/uc?export=view&id=1U75e2MnSX_bKjpejfBqqrq7gtbXt8pKZ,img / photos
capmarvel_1.jpg,https://drive.google.com/uc?export=view&id=1nTd1VrXIfD1-0Jg-2petsQZEh1oNS93O,img / photos
capmarvel_3.jpg,https://drive.google.com/uc?export=view&id=1RI8m3Xt8l7iQ7hkRjuP8ikEGm6zaYWQJ,img / photos
capmarvel_2.jpg,https://drive.google.com/uc?export=view&id=1c3AQfkr7CH59AsA1beiWRH0jMu0_Ni9C,img / photos
antman2_4.jpg,https://drive.google.com/uc?export=view&id=1CMKHU806UdJtWWtnYSsLsm2SuxlcOyYZ,img / photos
lordring3_4.jpg,https://drive.google.com/uc?export=view&id=1LjWX9jxulBnSaYekM2i_VOwyR5RiZ6nB,img / photos
lordring3_1.jpg,https://drive.google.com/uc?export=view&id=1u9VhL-hC3GT-RZ1jBAAd6QSIpXLl1Xxu,img / photos
bpanther_2.jpg,https://drive.google.com/uc?export=view&id=1snhRBO1pq52y7rtHxPVgbh0-_fG3FX-Z,img / photos
jurassicpark3_4.jpg,https://drive.google.com/uc?export=view&id=1vq-wUHDu3sHrB2WHf0F229lvGnKkEjOB,img / photos
lordring4_4.jpg,https://drive.google.com/uc?export=view&id=1iN0ABYIDRXO0iSFghUZ9Q8v0fy7U6I2j,img / photos
lordring4_1.jpg,https://drive.google.com/uc?export=view&id=1Ze02wkZ-giHJhIaonLQjXdJUfEmKHJdQ,img / photos
lordring4_3.jpg,https://drive.google.com/uc?export=view&id=1c-kkRizLzsI6FHBEpEJ-PpaThbKqIswn,img / photos
lordring6_3.jpg,https://drive.google.com/uc?export=view&id=1JMAOQvzl6XmaUdX_E5mUPLy1FMzBOfjx,img / photos
lordring6_2.jpg,https://drive.google.com/uc?export=view&id=1i-JfNzZh3m6GbO1MLYiL5s00TJo3kUQd,img / photos
lordring6_4.jpg,https://drive.google.com/uc?export=view&id=1YsmadVw8jbup1Xy_gtRczD-DxKdFJ-hP,img / photos
captain3_2.jpg,https://drive.google.com/uc?export=view&id=1jK6XW0YfCORs9qgw75EqIu6Ls3cqUr9h,img / photos
captain3_4.jpg,https://drive.google.com/uc?export=view&id=1My4hdMI_Y3s4WONN5w-bLyP69tpKhh6-,img / photos
spiderman1_3.jpg,https://drive.google.com/uc?export=view&id=1CAghCvpJsf48cFdEK6JDCKKJH1i12ePd,img / photos
spiderman1_2.jpg,https://drive.google.com/uc?export=view&id=1Ust6MZkyQdimkOf_4-7_GRwpsnZ5bx1v,img / photos
antman2_3.jpg,https://drive.google.com/uc?export=view&id=1-H5shEbAewkCYzLvgWuBxVu7cHEYJrpY,img / photos
lordring1_2.jpg,https://drive.google.com/uc?export=view&id=1V1qklfuAJ2U3gzozZmJfHwIaO3pMIBac,img / photos
lordring1_3.jpg,https://drive.google.com/uc?export=view&id=1Mcex5llkr5J7Ju6yvwGWOv6z9kOeNcmR,img / photos
jurassicpark5_2.jpg,https://drive.google.com/uc?export=view&id=1UJNnjsa5dPxvde6Zt9fUnsz1vAdvPCt1,img / photos
spiderman1_4.jpg,https://drive.google.com/uc?export=view&id=1Z5hXcbNmraGEHQvd24RSs7JszCCLteqv,img / photos
bpanther_1.jpg,https://drive.google.com/uc?export=view&id=1Ww_SIQkvAmtuzotDq6rwjQ9OKPcpGoJ2,img / photos
blackwidow_3.jpg,https://drive.google.com/uc?export=view&id=1HPyEJSqh0J0M0RS-55pFbnYzAnMwzfO8,img / photos
lordring4_2.jpg,https://drive.google.com/uc?export=view&id=1kOEjWanqdzHeLy1XwO4OqTc4Svg-zbUz,img / photos
thor3_2.jpg,https://drive.google.com/uc?export=view&id=1gjg06nnlOv_QPVh0-WGNBewB0o7dVU64,img / photos
captain3_3.jpg,https://drive.google.com/uc?export=view&id=1marMkzRSavgby41ejfAVCJtY_6GKZv0m,img / photos
spiderman2_1.jpg,https://drive.google.com/uc?export=view&id=1Fq6lFYLhSDW7bnn4qn0AHswVm6yEDpsA,img / photos
shangchi_2.jpg,https://drive.google.com/uc?export=view&id=1Yq19n8RCBbpkXpxVyW3lWE64WaCQlLe4,img / photos
shangchi_3.jpg,https://drive.google.com/uc?export=view&id=16Q7mGLfmKXhkOG0-2Zls8x6v49oc2VzG,img / photos
shangchi_4.jpg,https://drive.google.com/uc?export=view&id=1_tA4GVipfwbHxFvP9CKzUfJkgHK5-8zZ,img / photos
lordring3_2.jpg,https://drive.google.com/uc?export=view&id=1WFiIhbr9GB0aHmu2T-K1_rBSfg6tC06w,img / photos
spiderman2_4.jpg,https://drive.google.com/uc?export=view&id=1Mmgq2WV5c8SMc1hutypObJ8KXJSU8ZZ3,img / photos
lordring5_1.jpg,https://drive.google.com/uc?export=view&id=1ezbJmqVHfsW9xB8EaSHQzVNEUvW2kXd7,img / photos
lordring5_3.jpg,https://drive.google.com/uc?export=view&id=1NglN0UM1--R8uQoz0El-0_HgD5nEr3D9,img / photos
spiderman1_1.jpg,https://drive.google.com/uc?export=view&id=187AgXyKk2RbuLf5s247Ydj9wsKe4xe8V,img / photos
jurassicpark4_2.jpg,https://drive.google.com/uc?export=view&id=16xy9FJV_jKlCAREsAvzqfkmarg3LbTCP,img / photos
lordring6_1.jpg,https://drive.google.com/uc?export=view&id=1DPLO9nQFIL1pXgjiftrc4DTtWx0ivya5,img / photos
jurassicpark_2.jpg,https://drive.google.com/uc?export=view&id=1_gsq_DUubpr-qOU3uXLaRnW_mqoPzsZZ,img / photos
jurassicpark_1.jpg,https://drive.google.com/uc?export=view&id=1duW0JCDf28WQ3-t1ezQ_gUXVsdSRU_P1,img / photos
jurassicpark2_2.jpg,https://drive.google.com/uc?export=view&id=1ip9NSejdE541az2Z7L-ElZx0TvBKXGCh,img / photos
bpanther_4.jpg,https://drive.google.com/uc?export=view&id=1UOjUibZGlh24FDP5x7HmK1hH_IeedPgW,img / photos
antman2_1.jpg,https://drive.google.com/uc?export=view&id=1CAT_lVw-hdfneQcByPZqAaNno465jUFh,img / photos
avengers3_1.jpg,https://drive.google.com/uc?export=view&id=1044zIuHcXEbTmhckXiFFemb7vjRBgcgd,img / photos
lordring1_1.jpg,https://drive.google.com/uc?export=view&id=1UQiB3Bzm6Ys1Uz6Q_-Qf0eQ2Y7mSfUKR,img / photos
jurassicpark5_3.jpg,https://drive.google.com/uc?export=view&id=1M7kOyEWkvqVFgxPESKze7lf4a6JqWQrq,img / photos
blackwidow_2.jpg,https://drive.google.com/uc?export=view&id=1NBtvff2VUVJWAW9PnoSEsP3OPgckjoM3,img / photos
thor3_4.jpg,https://drive.google.com/uc?export=view&id=1M1SZzSRakPppC7GbM-I4Fjdb6Qm6FPUd,img / photos
shangchi_1.jpg,https://drive.google.com/uc?export=view&id=1ugmTowj73Bmz3AHeYedeDoYMMX-_2L86,img / photos
jurassicpark3_2.jpg,https://drive.google.com/uc?export=view&id=1hHEuP68bogJ3cZ1rjiGNw37zV7Jmwppo,img / photos
eternels_4.jpg,https://drive.google.com/uc?export=view&id=1lo8aXIuQpWWFdeEVBpuL9S22KpDAI2AA,img / photos
gardiensg2_2.jpg,https://drive.google.com/uc?export=view&id=106uEj8CnFBEiD1SJF8UsjKLAdRG8M0i4,img / photos
gardiensg2_3.jpg,https://drive.google.com/uc?export=view&id=1iM4Z4c71d-uqqF_3pU9dt6cxpcEBo32Y,img / photos
gardiensg2_1.jpg,https://drive.google.com/uc?export=view&id=1q-3EbZhfOm8A7JNyPEUDkqWzAIFKE5mc,img / photos
jurassicpark6_2.jpg,https://drive.google.com/uc?export=view&id=1oHI-a3CeVxiyEnwipYXonxMVomAbxbZv,img / photos
jurassicpark3_3.jpg,https://drive.google.com/uc?export=view&id=1arPdvo25kAhJnN2WEXBwvAzbK6KXIR9b,img / photos
spiderman3_3.jpg,https://drive.google.com/uc?export=view&id=1slsDXyj5S-nmpKIC-hkxk8QKeeorOeKb,img / photos
dstrange2_3.jpg,https://drive.google.com/uc?export=view&id=1csndzHh6D-wqH1q-lwZX4889OQSEZxwZ,img / photos
lordring2_1.jpg,https://drive.google.com/uc?export=view&id=1v2w0a0wr7Jz6Wz5Cg93I3lTTowBZ9ryS,img / photos
blackwidow_1.jpg,https://drive.google.com/uc?export=view&id=1jA0bHVxOZ31IORJoPNb5MCbIf5aQdBjr,img / photos
lordring2_2.jpg,https://drive.google.com/uc?export=view&id=1kNyZwL-xXXHedllgTLKa8ET8S-Vd8UQQ,img / photos
thor3_1.jpg,https://drive.google.com/uc?export=view&id=1HJjQ7iN8IUM7PK7ak1-Hy8vpvrTn3ehi,img / photos
spiderman2_2.jpg,https://drive.google.com/uc?export=view&id=170_MX2C1O5-OyioWqzQUrBtQZ7uXTXsA,img / photos
avengers4_1.jpg,https://drive.google.com/uc?export=view&id=1C0UEtcKh7JJW-8FfLZc0dOQpX3tyVu4R,img / photos
avengers4_2.jpg,https://drive.google.com/uc?export=view&id=1O_BSFMPJ4rZDB05stdQHrGB5uhpaYHHj,img / photos
spiderman3_2.jpg,https://drive.google.com/uc?export=view&id=1kOJ9ca7og90FAHOKVFkLnoWqMrytm6RA,img / photos
lordring2_3.jpg,https://drive.google.com/uc?export=view&id=19yrf-0odxPCvhBWFMS0UhVSo8nDuh04O,img / photos
spiderman3_1.jpg,https://drive.google.com/uc?export=view&id=1LtcxBVsKvXt87-jGd_qORJVzJvNiX4pW,img / photos
matrix.jpg,https://drive.google.com/uc?export=view&id=1BBP2lQ2mP76aErkSwBvoSVZMIuAjiUSE,img / carousel
Interstellar.jpg,https://drive.google.com/uc?export=view&id=1ETdVJ7Q0AZEbK8YwWPBXpvUR663AiW20,img / carousel
inception.jpg,https://drive.google.com/uc?export=view&id=1MSbZxwU78NqkPguCP54L6ymTnwVPi6Yk,img / carousel
darkknight.jpg,https://drive.google.com/uc?export=view&id=1HODIPcaSkq70-GjxMnJ1Bz_16Tcn_iPk,img / carousel
starwarsSection.jpg,https://drive.google.com/uc?export=view&id=1f6NGmVqcqg8dLa9q-Y7hFxKc-3ZW7Ab-,img / bg
dstrange.jpg,https://drive.google.com/uc?export=view&id=1scThHArConBlRLCFkZiCbxjGb9AeygEK,img / bg
captain3.jpg,https://drive.google.com/uc?export=view&id=1ghuVqZaF0n6qmboTpS414CUjyyAjs18N,img / bg
starwarsrogue.jpg,https://drive.google.com/uc?export=view&id=1-PlSyFW2hM7yrfLCYD_38ULlkIQhPTKN,img / bg
starwarssolo.jpg,https://drive.google.com/uc?export=view&id=1BltVz1RivOMIH1cKN0oYvsKokWz3gi9J,img / bg
thor2.jpg,https://drive.google.com/uc?export=view&id=1Btbb4izfJ6ahxvEv6oqP7qS6PM2aLWxE,img / bg
thor.jpg,https://drive.google.com/uc?export=view&id=1zdrgyTcZKNyl8Ll4ohh47AlHXVxiw4CG,img / bg
starwars9.jpg,https://drive.google.com/uc?export=view&id=1aaFnTZkN4Ojmyo9N4N8Ovsn0vz_HhBqV,img / bg
starwars8.jpg,https://drive.google.com/uc?export=view&id=1n_g7jyMLaledmbICDQlxjuR1mIa9or2L,img / bg
starwars7.jpg,https://drive.google.com/uc?export=view&id=141ZV3RzEfZoU5h_0qZ_N6cxtTZKgOFsI,img / bg
starwars5.jpg,https://drive.google.com/uc?export=view&id=1UP6JujYB2SAMEpyMbRUa-s6ZgESYzG5D,img / bg
starwars6.jpg,https://drive.google.com/uc?export=view&id=1qHjepWAftEFlsAT6vpFC6KyC692VF6eH,img / bg
starwars4.jpg,https://drive.google.com/uc?export=view&id=1KG_ArZSoPdvBAobtyDnPiOubXOzpx-sI,img / bg
starwars3.jpg,https://drive.google.com/uc?export=view&id=1F6z_9sDPnIw-WLlkpBrSfHNmNy_XEKuw,img / bg
starwars2.jpg,https://drive.google.com/uc?export=view&id=11oNCyFXpsNvS8shhDnzeVKHSS5r8BjoU,img / bg
ironman3.jpg,https://drive.google.com/uc?export=view&id=1Bz4Mc4g7mweD0unjU8njMz_TDg0yO2on,img / bg
matrixb.jpg,https://drive.google.com/uc?export=view&id=1Fv739bzMpekfrehDZbiXo7u7HJ2dK7XM,img / bg
starwars1.jpg,https://drive.google.com/uc?export=view&id=1c--gyIWNtb9IwybMvqznxokzYlgeTucV,img / bg
matrix.jpg,https://drive.google.com/uc?export=view&id=1p8IFvgOju4bHuS7RbAz4CwL05MdQUfn1,img / bg
ironman2.jpg,https://drive.google.com/uc?export=view&id=1PfPLmsNYUQ_EPFnziuSuWFzitFQ-AUfH,img / bg
ironman.jpg,https://drive.google.com/uc?export=view&id=1h6NLnyiPl_6FzDoh_yfIlKlZW_Te9CcB,img / bg
inception.jpg,https://drive.google.com/uc?export=view&id=12cuv7qAHOYF4F91MdRhqJq1ouvyAmSFj,img / bg
interstellar.jpg,https://drive.google.com/uc?export=view&id=1kj9TLi6PHQa0mdwEw6p_wDGUX45QaU7Q,img / bg
hulk.jpg,https://drive.google.com/uc?export=view&id=1EKbiwhHIxiU09i-qBdfXlhEz2VKgM8-e,img / bg
harry6.jpg,https://drive.google.com/uc?export=view&id=13Q037MP02gxYbVrwjQPuJ2iaHu1_BLlb,img / bg
harry7.jpg,https://drive.google.com/uc?export=view&id=1Qk8WJabPNdVbaMgmZGzvf8iWXPaJK0_J,img / bg
harry8.jpg,https://drive.google.com/uc?export=view&id=1Wi7Q5v1UHRXzeN4OWImYsPFB9lBtnncn,img / bg
harry4.jpg,https://drive.google.com/uc?export=view&id=11EQjdkILwQVNbuKgiyuiGpslfPkG2Hb8,img / bg
harry5.jpg,https://drive.google.com/uc?export=view&id=12LeLPSFL0JP4BQu5BQyuDotVxWD1j_is,img / bg
harry3.jpg,https://drive.google.com/uc?export=view&id=11FmXM4g5X1wDjSEVbCjJuoMVVRYKb6Tn,img / bg
harry2.jpg,https://drive.google.com/uc?export=view&id=1fRgkBgeZccXD0bkre-MofSZt8urUJymB,img / bg
harry1.jpg,https://drive.google.com/uc?export=view&id=1Xveh62kwKykAFeF3ueaZl7zUqzfanKcV,img / bg
gardiensg1.jpg,https://drive.google.com/uc?export=view&id=1HGn7bc0X3W6qnZ6t7MAlTmJX31pZtds-,img / bg
darkknight.jpg,https://drive.google.com/uc?export=view&id=1fdrLdfQMlDFO23GuzKTocRFpjYTsYKA0,img / bg
captain2.jpg,https://drive.google.com/uc?export=view&id=1oyxwFHhrLHIinKZejw4VZ8CDDgplINXT,img / bg
captain1.jpg,https://drive.google.com/uc?export=view&id=1sSQlc-VEKb0ebxGK2lem0B6QBUQ2X8gj,img / bg
avengers2.jpg,https://drive.google.com/uc?export=view&id=1Y7Rf49JNrHjA3_8u0MXIylCN2UDE_-2z,img / bg
avengers1.jpg,https://drive.google.com/uc?export=view&id=1El1BaTzGltFVkYNCAp9loy68h4MGzdiQ,img / bg
antman.jpg,https://drive.google.com/uc?export=view&id=1m9izoQt7wBBbtIqT_pLGHJm9TEpgbtNR,img / bg
ahsoka.jpg,https://drive.google.com/uc?export=view&id=1zbUOlt18_CxZjZjqbsTfXBG9MTwODCP5,img / bg
dwolv.jpg,https://drive.google.com/uc?export=view&id=1jhiX13xerOe29MF5JOJoigmMTHBm1ttJ,img / bg
acolyte.jpg,https://drive.google.com/uc?export=view&id=1fAgVTglz-bug_fWbcdgjOp1JJbAl-Jwr,img / bg
jurassicpark3.jpg,https://drive.google.com/uc?export=view&id=1fXpI7w5AUFtWYsch44hXLNK5IJrFAc1p,img / bg
harrypotterSecction.jpg,https://drive.google.com/uc?export=view&id=1rhg1s-1UReAGYtsCOjWN-cnEHcbiw4w8,img / bg
antman3.jpg,https://drive.google.com/uc?export=view&id=1By5NNAx_PErWdLd76HDdZm8ZV2BCB0R0,img / bg
lordring2.jpg,https://drive.google.com/uc?export=view&id=1MpOa5VCXyBmJ90pC5YixUIL7bgGd2MhW,img / bg
thor3.jpg,https://drive.google.com/uc?export=view&id=1D9fFQDJOJ6DLKMIUkgGdDvd27XRZo4pL,img / bg
marvels.jpg,https://drive.google.com/uc?export=view&id=1wqc2kUiWcg5MIp_SGxFx0eNHuYXisTDF,img / bg
spiderman3.jpg,https://drive.google.com/uc?export=view&id=14CUU0nf-6-wNfSyXaWwMCl6-xYOCHnfo,img / bg
gardiensg3.jpg,https://drive.google.com/uc?export=view&id=1AJvIkU1hDNbAI2oAeLUwAaLnseSwYcPG,img / bg
antman2.jpg,https://drive.google.com/uc?export=view&id=1CcwBkz6oeioIcOGWvOTbM9pfRp4PHxFE,img / bg
bpanther2.jpg,https://drive.google.com/uc?export=view&id=1_cfxJiOkEPa8GHLZFLtYtxsf41gXAU8t,img / bg
thor4.jpg,https://drive.google.com/uc?export=view&id=1L_GfplGbIMtRhya19siqQYmHyM0HjXTC,img / bg
jurassicpark4.jpg,https://drive.google.com/uc?export=view&id=17bmFO0G5pdsyLWzYGbMi-dvCbpmyDe4b,img / bg
jurassicpark6.jpg,https://drive.google.com/uc?export=view&id=19USzOfea3mJQUIp9KcPag219_121K7SL,img / bg
marvelSection.jpg,https://drive.google.com/uc?export=view&id=1wzgH4OEaEmSjWG0N7aJlzEia3rpqzZFV,img / bg
jurassicpark.jpg,https://drive.google.com/uc?export=view&id=10aNPU0CTCQBb-ASpemecwjTXhZ9bEV5n,img / bg
avengers3.jpg,https://drive.google.com/uc?export=view&id=1gkhEVzNKCn6UQbvlxWxeBhdjLoRWb-Xq,img / bg
lordring5.jpg,https://drive.google.com/uc?export=view&id=1W180dFgdAnmVU-w7tFI3hDZM-BBzGwTu,img / bg
jurassicpark2.jpg,https://drive.google.com/uc?export=view&id=1wL79cjOV6N7oOIqDHZ93dg2ZqfCG2WLe,img / bg
lordring6.jpg,https://drive.google.com/uc?export=view&id=1Qh-QCVkSN8Ez-5WFejemSZolLTHK2HRp,img / bg
jurassicpark5.jpg,https://drive.google.com/uc?export=view&id=1i7Tdxcxg7gibo5iuLsRJXzBk9X7su-yL,img / bg
gardiensg2.jpg,https://drive.google.com/uc?export=view&id=1bV4uPp-JVmMbYQihzZNvoO8dmeQkJw28,img / bg
shangchi.jpg,https://drive.google.com/uc?export=view&id=1lwsnQz0ErLTrfLC-u6_GPN3uZF2Ge2wC,img / bg
bpanther.jpg,https://drive.google.com/uc?export=view&id=1ciLYS26iCbf7BnNU7FSdT5Mk47jXNsLX,img / bg
eternels.jpg,https://drive.google.com/uc?export=view&id=11jNiMxnbpNiKQ05WIj7GUo3Px0mA6tyo,img / bg
spiderman2.jpg,https://drive.google.com/uc?export=view&id=1t5QhrdhKNQmYS0683m3L6xrlQ6XRB2vK,img / bg
blackwidow.jpg,https://drive.google.com/uc?export=view&id=1Q3qehJmrOB6NOntUheZLaFxccFcfc3Mj,img / bg
spiderman1.jpg,https://drive.google.com/uc?export=view&id=1YnXGLtsymIc--VA2dxbZa-M_pbPOIQGi,img / bg
lordring3.jpg,https://drive.google.com/uc?export=view&id=1O-XF87vjyscwPntbMx-K-0P2FwW_7Hyy,img / bg
dstrange2.jpg,https://drive.google.com/uc?export=view&id=1M1K1waHNhLe8dKZNf1C57nEYkxhOPPOH,img / bg
lordring1.jpg,https://drive.google.com/uc?export=view&id=1uH4AtOopTy476hF7GSw_qV8P3wDOJA3W,img / bg
avengers4.jpg,https://drive.google.com/uc?export=view&id=1-W2xI_XQ63R7ntGMu542MzS9Nju7ZN_l,img / bg
capmarvel.jpg,https://drive.google.com/uc?export=view&id=15KSvIMZy0Fe0EttRcbgtXHVNmHE-Z9VS,img / bg
lordring4.jpg,https://drive.google.com/uc?export=view&id=12Ir0hLh9negqsbKgLQ3m6In1DCxluKD9,img / bg
lordofrings_bg_2.jpg,https://drive.google.com/uc?export=view&id=1O5CYNjBFauewyrAg-2lirkWacFn8hQnK,img / sections
lordofrings_bg_1.jpg,https://drive.google.com/uc?export=view&id=1Oj0oBKcfW8DlAl6GVjLV1FeWVGp4iE9z,img / sections
what-lord-of-the-rings-character-s-do-you-look-up-to-v0-jyvx4neii22b1.jpg,https://drive.google.com/uc?export=view&id=1hXDR7UUMYvXxBXEbSCEFOykHZ3dR_IjS,img / sections
lordofrings_side2.jpg,https://drive.google.com/uc?export=view&id=18DTTIdWNefQPHtH9OOCz7uOQ82SxVxdA,img / sections
lordofrings_side1.jpg,https://drive.google.com/uc?export=view&id=1LYfDvuz1lCR4Jf0nTctlpMop8UqIgtJO,img / sections
jurassicpark_side2.jpg,https://drive.google.com/uc?export=view&id=1Hm0oNqQQ1zQmSXnweTaOeXos3ewGiBPr,img / sections
jurassicpark_side2b.jpg,https://drive.google.com/uc?export=view&id=1BmWyJk8tqnUgQfVuIXZJ-3boQet9qMAG,img / sections
jurassicpark_side1.jpg,https://drive.google.com/uc?export=view&id=1eQEZAzVuZ0RDbCEIthgldWQAP-DOgfxz,img / sections
jurassicpark_bg_2.jpg,https://drive.google.com/uc?export=view&id=1gMYeUrgwK1iyun-Jeixjs8u-Xhg4KEEJ,img / sections
jurassicpark_bg_1.jpg,https://drive.google.com/uc?export=view&id=1kxbOhh06OwPfjmsGkIvNkmLDvyYLfw8P,img / sections
jurassicpark-bg.jpg,https://drive.google.com/uc?export=view&id=16QPdTfPsMvdyXHmyp-oRIzZR6x0GU9DZ,img / sections
mcuside1.jpg,https://drive.google.com/uc?export=view&id=135i8rcZxgQkQxGlr7RvR2HgQIjo2wMqB,img / sections
mcuside2.jpg,https://drive.google.com/uc?export=view&id=1miw2mg1bv2O7RGRwWGRer3tOgMgkq5YW,img / sections
mcu_bg_2.jpg,https://drive.google.com/uc?export=view&id=1h4jPYaHXL8ib3sG77d4Hok2jpNDp7Qlz,img / sections
mcu_bg_1.jpg,https://drive.google.com/uc?export=view&id=1BRYYlVIesqTeN2pNep1EhXqJr_L6Y3WA,img / sections
harrypotterside1.jpg,https://drive.google.com/uc?export=view&id=1Cukb18ZjIkn20NxoukvTV54HLB-2Xgfr,img / sections
harrypotterside2.jpg,https://drive.google.com/uc?export=view&id=1os-AkMizTeBQMH49uZoFZYEptL9Yc3Fh,img / sections
starwarside1.jpg,https://drive.google.com/uc?export=view&id=1j7LzkQSLWFpbopOK6D92W42s5P3pAyTT,img / sections
hp_bg_2.jpg,https://drive.google.com/uc?export=view&id=1AtGLgtYrYSbKCc0mYRLo61NJK5xenfah,img / sections
hp_bg_1.jpg,https://drive.google.com/uc?export=view&id=191_ajb4laSpUSUXq_HvKjMp2Uv0hY2p4,img / sections
Sans titre.jpg,https://drive.google.com/uc?export=view&id=1hmjBS0XzTsDHLWUptnT-FqdgtB7CwsI-,img / sections
starwars_bg_2.jpg,https://drive.google.com/uc?export=view&id=1cv1OX4OtADRTTyZQdbugt8cQI7N1J3oO,img / sections
starwars_bg_1.jpg,https://drive.google.com/uc?export=view&id=1ceM7dnlCqBZRgtrC4nw8h4or0UlcIcSw,img / sections
starwars_bg.jpg,https://drive.google.com/uc?export=view&id=1PeGXxmim_YGpRC3yEK2iA4kuLSyRKUhj,img / sections
starwarside2.jpg,https://drive.google.com/uc?export=view&id=10k9b7oGyh4TIY0lf_hFwLKa-Hs2NhnQT,img / sections
lordring6.jpg,https://drive.google.com/uc?export=view&id=1jnAWNtAP70D9Lryhd0DzGNRut-DTJc71,img / affiches
lordring5.jpg,https://drive.google.com/uc?export=view&id=16XBCYK4tKdAjmLOH7TWbfaVBrr0fFsM0,img / affiches
lordring4.jpg,https://drive.google.com/uc?export=view&id=1OtoXpgBm2ARTu8ySQzMJip7DFzk4PZz6,img / affiches
lordring3.jpg,https://drive.google.com/uc?export=view&id=12sY_1Sb9CgKkOmmxRYJHfVZAtUCWHjVk,img / affiches
lordring2.jpg,https://drive.google.com/uc?export=view&id=1pclH2e8X2_23tGHmhnJxOJnn6RIxui7q,img / affiches
lordring1.jpg,https://drive.google.com/uc?export=view&id=1280NclPAOSL0HO5kVI99xo11fMH8_IWp,img / affiches
jurassicpark6.jpg,https://drive.google.com/uc?export=view&id=1PsNlQpnkej1wZTEX9QFVNM8WLEZ1rvr-,img / affiches
jurassicpark5.jpg,https://drive.google.com/uc?export=view&id=1LbY4_y9AdRuOp_ySFZujcVAJehZ0D-6a,img / affiches
jurassicpark4.jpg,https://drive.google.com/uc?export=view&id=1LZdsO7_cNJuozUuH3eABvVAu974yPt76,img / affiches
jurassicpark3.jpg,https://drive.google.com/uc?export=view&id=14WR_FYjRi6mEcVNSbKe3A4pBXlrYmznq,img / affiches
jurassicpark2.jpg,https://drive.google.com/uc?export=view&id=19Uv9V0wlKQp22Vb1alrm914KH7fylNEp,img / affiches
jurassicpark.jpg,https://drive.google.com/uc?export=view&id=1eFD-cKL-cgebT-h7sKua0Egjz0g8ey3g,img / affiches
bpanther2.jpg,https://drive.google.com/uc?export=view&id=1u7eGVjXgSSt1sBLee3tjSMoTBZUHsvCt,img / affiches
thor4.jpg,https://drive.google.com/uc?export=view&id=1QD0LiVzZS7NitavzmJerwJGmZp6FxA1G,img / affiches
dstrange2.jpg,https://drive.google.com/uc?export=view&id=1avke6sv49gC-RvRjdCUxuWwSPHbl0z0U,img / affiches
spiderman3.jpg,https://drive.google.com/uc?export=view&id=1rQsiHiuqdKNaot7loXzErYp6uForVNNA,img / affiches
eternels.jpg,https://drive.google.com/uc?export=view&id=1ADuVjPddGX4O8EocAKqWgVDG9UB0_KgS,img / affiches
shangchi.jpg,https://drive.google.com/uc?export=view&id=1oemzQTnsiGy6oqVyUBkHeI2C4WHKxAhV,img / affiches
blackwidow.jpg,https://drive.google.com/uc?export=view&id=1jnCpsw5nXt22eEctNAUhfn_1NXShloDK,img / affiches
dwolv.jpg,https://drive.google.com/uc?export=view&id=10HXe0zxs-YcOq2xdQ5-E39meSxMRtsd9,img / affiches
antman3.jpg,https://drive.google.com/uc?export=view&id=1OSXGzmoOBh_3Vm8p6Luh-T79AvPoxd2M,img / affiches
acolyte.jpg,https://drive.google.com/uc?export=view&id=1RilMn0msLSi8DzUWx5B5Xxpv7ZN5VRBK,img / affiches
starwarsrogue.jpg,https://drive.google.com/uc?export=view&id=1B9cD5kFpZPRrMkuDw1FPEilRI6KBSo65,img / affiches
thor.jpg,https://drive.google.com/uc?export=view&id=1Ed2n0-80AAMbfIfquwEUk88Tl8900TMq,img / affiches
starwars9.jpg,https://drive.google.com/uc?export=view&id=1Ht52AOORYM4QJ_-dKZ_v9-y7T5YCmjQf,img / affiches
thor2.jpg,https://drive.google.com/uc?export=view&id=1MoDXV4VQ7T5c3tU-C8cawqWmfD0lKPL3,img / affiches
starwars8.jpg,https://drive.google.com/uc?export=view&id=1bbFImN8clL3PPVHVeRhOtwbQGeHfzQF2,img / affiches
thor3.jpg,https://drive.google.com/uc?export=view&id=1bwyBNm3w-dhkI-XQS3JHhZsOsJ3ckxAY,img / affiches
starwarssolo.jpg,https://drive.google.com/uc?export=view&id=1i9xTKakIczcBsaWC-6MaQcYAxv-bBUoN,img / affiches
starwars1.jpg,https://drive.google.com/uc?export=view&id=17snRZbDVjvpykIAuNOVaJurRdxrgkL8d,img / affiches
starwars3.jpg,https://drive.google.com/uc?export=view&id=18niVjzhb3Z5U-P4evqvLKXpYX7kQO2WS,img / affiches
spiderman2.jpg,https://drive.google.com/uc?export=view&id=1F3nSW50oPDY7uVDqZ61xTdtZGA3bhn-g,img / affiches
starwars4.jpg,https://drive.google.com/uc?export=view&id=1F7SZR6uF1SHV2lcvCf7YP25ziXwGi3hK,img / affiches
starwars7.jpg,https://drive.google.com/uc?export=view&id=1WbarPGvpdAA-5SxRptDLOkF2iJ2HEDF6,img / affiches
spiderman1.jpg,https://drive.google.com/uc?export=view&id=1emZUJOpdFAXPBRnYiWADBbziNKYIaBOn,img / affiches
starwars6.jpg,https://drive.google.com/uc?export=view&id=1ollH6u36Mf2UslcB7xPMPEaAmLD_7Pyz,img / affiches
starwars2.jpg,https://drive.google.com/uc?export=view&id=1rHb7AvnUS8RNScusH4MbBpy7oeR3OL7f,img / affiches
starwars5.jpg,https://drive.google.com/uc?export=view&id=1rafHlErsle64xx7D4uFzeHw3CktlMULn,img / affiches
mandalorian.jpg,https://drive.google.com/uc?export=view&id=17mRkSE9gJXp072qYpWPQWGKPfVztvSKU,img / affiches
ironman3.jpg,https://drive.google.com/uc?export=view&id=1GBazQPA3retNrajoiiXdCJ5OsiAtZE6X,img / affiches
rebels.jpg,https://drive.google.com/uc?export=view&id=1WlL9nF8v3kADUDlW7WWBLBQtbI3wzF0-,img / affiches
matrix.jpg,https://drive.google.com/uc?export=view&id=1WmmYEzXf6FCgFTmS7R-Uja87aSDZHF5Q,img / affiches
ironman2.jpg,https://drive.google.com/uc?export=view&id=1YIHvtmDw7dz7_BIWwsrYCobPdPDK7jIu,img / affiches
obiwan.jpg,https://drive.google.com/uc?export=view&id=1hlC3zeJrsT2AE1iQTmQeSG_b874o-UkA,img / affiches
ironman.jpg,https://drive.google.com/uc?export=view&id=16Uzd-MFYwl3s3IGqGqoh4QpC_4TwXWV4,img / affiches
inception.jpg,https://drive.google.com/uc?export=view&id=1D2UxZmDwmmPpiLwnSNOh6l-RI7W3PUnz,img / affiches
hulk.jpg,https://drive.google.com/uc?export=view&id=1WMww8C4zX2ymYAY4HDrJbK5w5F3CSVBN,img / affiches
interstellar.jpg,https://drive.google.com/uc?export=view&id=1lxdY03aPTsj0CdQiRLa3h-5a6RfzD3pB,img / affiches
harry8.jpg,https://drive.google.com/uc?export=view&id=1BO40YT2z_6TOADezZakil-NmTGcI1zuc,img / affiches
harry7.jpg,https://drive.google.com/uc?export=view&id=1ihU0fh_ot0KrIa5N1OTLeaok4jl5rRaW,img / affiches
harry6.jpg,https://drive.google.com/uc?export=view&id=1lq9qFHZ7YnRFmgaIN-VyNiiObH0jeHnR,img / affiches
harry5.jpg,https://drive.google.com/uc?export=view&id=1-AVKPGuyvCUEw5w_RCNQbugEI9Rreu0W,img / affiches
harry2.jpg,https://drive.google.com/uc?export=view&id=1UaDKow1w16sZ65SwNCTcXKTVi6Dd8Yfc,img / affiches
harry4b.jpg,https://drive.google.com/uc?export=view&id=1ZugkgqB0z0s3tUw9-aeHBXlEpS1YOZh0,img / affiches
harry5b.jpg,https://drive.google.com/uc?export=view&id=1e7wO-sL3SaX4JufZH8mBejmr0y-2Xo7M,img / affiches
harry3.jpg,https://drive.google.com/uc?export=view&id=1j_lio03Bf3h5rf2xnQky89qnCD8NduVp,img / affiches
harry4.jpg,https://drive.google.com/uc?export=view&id=1qHsw7Y1mLbsxmB-igrA0RVCwph_dRsTx,img / affiches
dstrange.jpg,https://drive.google.com/uc?export=view&id=16qrCqFeopk-IFEUorSwLo42OL4yq9QIt,img / affiches
gardiensg1.jpg,https://drive.google.com/uc?export=view&id=1CWlfK8ALGtZcpCti7e8TxZggrSqw8HKE,img / affiches
gardiensg2.jpg,https://drive.google.com/uc?export=view&id=1iCFAiddBDh29nbJkFPUpr4ckPEbS5U1H,img / affiches
harry1.jpg,https://drive.google.com/uc?export=view&id=1kXGMO2R9nnXpKya-P_mjVVHZ9Q9TeE92,img / affiches
captain3.jpg,https://drive.google.com/uc?export=view&id=1-MKRqablEZFQirIS3e9yOcJ0vBAoJXC4,img / affiches
captain1.jpg,https://drive.google.com/uc?export=view&id=16YDRebtkubd_z7QxgatFByxNjf5pfgKi,img / affiches
dark_knight.jpg,https://drive.google.com/uc?export=view&id=1FNkkkLDWrcYmK-rUazS7iW-sClhmUAQ9,img / affiches
capmarvel.jpg,https://drive.google.com/uc?export=view&id=1cFGPLXyS3ajcQyjBwNWhDXRVQMPDgyPN,img / affiches
clonewars.jpg,https://drive.google.com/uc?export=view&id=1t97-Iu0dWYmIXiO7fJPRw_IRlo47WYjm,img / affiches
captain2.jpg,https://drive.google.com/uc?export=view&id=1ugPZ88GrhivKNeIAqPL9QkL1nNFavpeC,img / affiches
bpanther.jpg,https://drive.google.com/uc?export=view&id=1lDsJptE4MqWXYbed9D9P73vjqrjALEof,img / affiches
avengers2.jpg,https://drive.google.com/uc?export=view&id=16ahfgPI0oS4n9GtsZVSwcgp1avaHWcmy,img / affiches
avengers4.jpg,https://drive.google.com/uc?export=view&id=19R4xFjdQQYNebAmILtDcD6_qKE9KrLH4,img / affiches
bobafett.jpg,https://drive.google.com/uc?export=view&id=1LOcURMkOLsydtLqNWB--e6rEaLAvTqbP,img / affiches
avengers1.jpg,https://drive.google.com/uc?export=view&id=1bU0gtF0zFyb9FD6ShuqrgnvoXjz0tBVZ,img / affiches
antman.jpg,https://drive.google.com/uc?export=view&id=1fvu20CtF8WrqxtQYPNlYfpp2F1G5dhpO,img / affiches
antman2.jpg,https://drive.google.com/uc?export=view&id=1jL4suU7woIzEeNVgLGb3gN_l5BcbNgV7,img / affiches
avengers3.jpg,https://drive.google.com/uc?export=view&id=1yLurPxjFU0J4nn9w3lVfgrD8QRGlKN4V,img / affiches
ahsoka.jpg,https://drive.google.com/uc?export=view&id=1XazUYNu3z1P4KtjFKahcT7nDs7zXZLkt,img / affiches
andor.jpg,https://drive.google.com/uc?export=view&id=1k7saS0MlfTqWM5uSIO0dD4W_EVPV1ud7,img / affiches
marvels.jpg,https://drive.google.com/uc?export=view&id=1wZ4TrEmWwna4CXC_GzB-889l4ei0sD95,img / affiches
gardiensg3.jpg,https://drive.google.com/uc?export=view&id=1T1SUnP-MrLPM5wGPEL693VDesWWN_GPC,img / affiches
lordofrings-section.png,https://drive.google.com/uc?export=view&id=1yhNu4r6_-bD_aezSnX9mZO6VGhHtWvSG,img / logos
lordofrings-sectionb.png,https://drive.google.com/uc?export=view&id=1iSfTwPX7Xk13qBJAcEYZ5jghSQPv0BxK,img / logos
jurassicpark-section.png,https://drive.google.com/uc?export=view&id=1C_KJZeCPgvEf7xzjoHXLigFsgDNxOatW,img / logos
MCU.png,https://drive.google.com/uc?export=view&id=195GvXHUY-ZIqQoZxn4TE_no9Y2u5dAX2,img / logos
starwarsctg2.png,https://drive.google.com/uc?export=view&id=1uGvjHCc6O8xJXQrmUT0DjQmxLw44PCCf,img / logos
blackwidow.png,https://drive.google.com/uc?export=view&id=1cFD8dc7MmYZDrX1DHR-EoYSKLYu2Ei3O,img / logos
dwolv.png,https://drive.google.com/uc?export=view&id=1hiiaj6YzuPVlP_qOoQdyBBSgApSIZmBe,img / logos
marvels.png,https://drive.google.com/uc?export=view&id=1A2ysa5rl59anjOkH-AoNSzFYcRGy_57N,img / logos
antman3.png,https://drive.google.com/uc?export=view&id=11PYD78NygdtV6UCr1Xl4OamPH93SCaOI,img / logos
acolyte.png,https://drive.google.com/uc?export=view&id=1Z8bBCiuy8I_VXgfbgfv1Xl6lmGMc1qk0,img / logos
spiderman1.png,https://drive.google.com/uc?export=view&id=1s8jhF5WdhkI-17qDaJob9PLXOdGKhuGD,img / logos
captain3.png,https://drive.google.com/uc?export=view&id=1dDeCghoTgT1yDBmjjC0kUIR2QXWyAwnX,img / logos
thor3.png,https://drive.google.com/uc?export=view&id=1GYpJIm-PFtV_6YhLM0yEoy_q0jBWz_LE,img / logos
thor2.png,https://drive.google.com/uc?export=view&id=1o5T2g0cix1uWRdNFqeFBfC47d2l55h4j,img / logos
thor.png,https://drive.google.com/uc?export=view&id=1G38fGN6LiqyaimvCiTL19B7y-JMBuCT-,img / logos
StarWarsSection.png,https://drive.google.com/uc?export=view&id=1l8qxn3ILm0A8Vlm894IRo6OKZXO1C8VR,img / logos
starwarssolo.png,https://drive.google.com/uc?export=view&id=1mVcOsRA6t9vI8QSjffnMK_xbAP_P_pGZ,img / logos
starwarsrogue.png,https://drive.google.com/uc?export=view&id=1TB3n-XISFZ6SaD6Ku2mWfkAibUPoxNYl,img / logos
starwarsctg.png,https://drive.google.com/uc?export=view&id=1jPti9pS2LnM3njeoHRHRgPuUkyJaxbXJ,img / logos
starwars9.png,https://drive.google.com/uc?export=view&id=1ivHfMrr2EMDBbEm5a8A9HIKBMatFzYNR,img / logos
starwars8.png,https://drive.google.com/uc?export=view&id=1h6TDnwOa5ijR-XQayFXaHirdCEHyj-f9,img / logos
starwars7.png,https://drive.google.com/uc?export=view&id=1DT32h2Mv5v3622785i4NO8Ik-z5qZhiL,img / logos
starwars6.png,https://drive.google.com/uc?export=view&id=1rBMEdw82HGT_7KoDhFVo-pWxA8620RvK,img / logos
starwars5.png,https://drive.google.com/uc?export=view&id=1qzSVBITU7-vlKJpm-e36WlN357iPNr_O,img / logos
starwars3.png,https://drive.google.com/uc?export=view&id=19XzacddYi8ZFtZpH83gx4B-30fLVtSoE,img / logos
starwars4.png,https://drive.google.com/uc?export=view&id=1h_ggrrGD1HMVd55KqyxCTaTTZKxbR5km,img / logos
starwars2.png,https://drive.google.com/uc?export=view&id=1jIV4eFw0lRsNCjrvMS-RM159vgFvE1Zy,img / logos
spiderman2.png,https://drive.google.com/uc?export=view&id=1jeA9C8T-OXglmtSixPQ-lXJGQUbMMHf3,img / logos
starwars1.png,https://drive.google.com/uc?export=view&id=1orLY3EzhyfbYaQ5WeMQzLnXu6-zdZTjm,img / logos
rebels.png,https://drive.google.com/uc?export=view&id=18Ib_jDtoRs4u1uwYelLMp7Mmz5mz4pfH,img / logos
obiwan.png,https://drive.google.com/uc?export=view&id=1nuhu9hDK7wOeJBUMHUMMvHugL8ebaNs6,img / logos
matrix.png,https://drive.google.com/uc?export=view&id=14v1O6eT8qgES2xR2WMlumra6ZBCLzh_2,img / logos
MarvelSection.png,https://drive.google.com/uc?export=view&id=1CEZOysJTxSjc9MfyZYJ6lrziK9gMQot8,img / logos
mandalorian.png,https://drive.google.com/uc?export=view&id=1ehuIDy2R1sBxhNExcAv60L1V5fw9lbWg,img / logos
ironman3.png,https://drive.google.com/uc?export=view&id=14XijvF03zN0c9BZpYvdu2OTZpPAA8DYw,img / logos
ironman2.png,https://drive.google.com/uc?export=view&id=1o77qJ6OXRpoKCV4uK-8LZn5SoTzePGaZ,img / logos
ironman.png,https://drive.google.com/uc?export=view&id=1P_nAiXkUG--ZwEPnp86gquCaZuv89viN,img / logos
Interstellar.png,https://drive.google.com/uc?export=view&id=1H5LVnzgRXVRwZoUY_lGUIBXW9Cb3Q5UV,img / logos
Inception.png,https://drive.google.com/uc?export=view&id=10RD6nm9w_fnbHaZ4YQf4tNs1alA6Fdvn,img / logos
hulk.png,https://drive.google.com/uc?export=view&id=1BsXEUHw37zxfol3BY489Ys7DztKfkT_t,img / logos
HarryPotterSection.png,https://drive.google.com/uc?export=view&id=1K2JWvT3TOHTiY3tpq39-JsI70dVmzFHg,img / logos
harry8.png,https://drive.google.com/uc?export=view&id=1BrGf6GWXx-QFZZdCGORElv8RgoM3vCtz,img / logos
harry7.png,https://drive.google.com/uc?export=view&id=1HjxWeKMVBAonb5rQE_Qgspqj3ALCAQjQ,img / logos
harry6.png,https://drive.google.com/uc?export=view&id=19Zr8GVWMGuXjEzC3PQjNmx-H0uzBPaXZ,img / logos
harry5.png,https://drive.google.com/uc?export=view&id=1Ihf8wTPhW_lflDk8MgeZAVkBVsZcqhKK,img / logos
harry4.png,https://drive.google.com/uc?export=view&id=1MswI5gw1kh8qt0bhin7IBC6IofIKn26x,img / logos
harry3.png,https://drive.google.com/uc?export=view&id=1nWoSi8oSP_xnteB0f_Jf73odH-b2_EVf,img / logos
harry2.png,https://drive.google.com/uc?export=view&id=1ZmXVWw4jagdYjEnIAf5Okg3l-t1Y0VT5,img / logos
harry1.png,https://drive.google.com/uc?export=view&id=1qTB5L6B2K6WZKZfoduA6DhciEjjY2NT7,img / logos
gardiensg2.png,https://drive.google.com/uc?export=view&id=1rVAJeDKLc47S30_6U3xaXtPQVinNCAVq,img / logos
gardiensg1.png,https://drive.google.com/uc?export=view&id=1mNTNlnf7yEWhg44DAdYh7Wy6AoUxs-jj,img / logos
dstrange.png,https://drive.google.com/uc?export=view&id=1ENGbDlVsRkplaLaJOwgvOEbNPn_JoYhU,img / logos
Darkknight.png,https://drive.google.com/uc?export=view&id=1QSVqNINGMEHXU6XparMFdLwYcxyl7csZ,img / logos
clonewars.png,https://drive.google.com/uc?export=view&id=1uAxXlodDQqBudUT8Hk991jeS9LoGX91x,img / logos
captain2.png,https://drive.google.com/uc?export=view&id=1JNGxRFcI1wG4s8zq4Xx3RICUAT0_-GJ_,img / logos
captain1.png,https://drive.google.com/uc?export=view&id=1MaAW6EjmYur26m1dHjR-N9Q7n2fOhybq,img / logos
capmarvel.png,https://drive.google.com/uc?export=view&id=1uE7Dg5WA7Tkt407b8HfrNsPpmZuID-tC,img / logos
bobafett.png,https://drive.google.com/uc?export=view&id=1QwxPSJkG965KPFgU9fmqkLgxb3KUv7DU,img / logos
bpanther.png,https://drive.google.com/uc?export=view&id=1q3zKcl_ZqQJNe25vxF7gnDjwAPaFYJ9y,img / logos
avengers4.png,https://drive.google.com/uc?export=view&id=10_XBVrJkqb0T8A_spIffFZD6D0o6sBKx,img / logos
avengers3.png,https://drive.google.com/uc?export=view&id=1uh25Lm1POqk8tNDRp1eevx19iklI-qz5,img / logos
avengers2.png,https://drive.google.com/uc?export=view&id=1i0wyaip9XQc_bnrg_9mJGnMaSkokvQw2,img / logos
avengers1.png,https://drive.google.com/uc?export=view&id=1VlknQcOwXfj7ZeQQvvx5j0lWQOywiMSf,img / logos
antman2.png,https://drive.google.com/uc?export=view&id=1CsK_aAZtr0H8wLtOGUftaFTwJ4dgMrxU,img / logos
antman.png,https://drive.google.com/uc?export=view&id=16pla0QS2ZxaQ3qM_AB6GjXqMvHyJkDlB,img / logos
andor.png,https://drive.google.com/uc?export=view&id=1jy2rHHchFhpsUWx0qsLv82lvQQXanbS5,img / logos
Ahsoka.png,https://drive.google.com/uc?export=view&id=1Yo6sYabEroMsX3Fxm_dc_9jfFOJXJXtW,img / logos
eternels.png,https://drive.google.com/uc?export=view&id=1GfXgeH7QgCP5tU47CGTGpkiMpeF03OsO,img / logos
gardiensg3.png,https://drive.google.com/uc?export=view&id=1JCYxS5wFggFjWYCWm7GD_DSoE-Nupq3z,img / logos
lordring2.png,https://drive.google.com/uc?export=view&id=1nbT5Al6q7aYjI0GmqzFQfHmO_l8eOPnV,img / logos
lordring1.png,https://drive.google.com/uc?export=view&id=19MXITa4-s6T9kvQHbBpz_pzGagbNbygn,img / logos
lordring3.png,https://drive.google.com/uc?export=view&id=1ebuVOED_8Mbw5R2Y6oJHsn1Bdb67zXSk,img / logos
jurassicpark6.png,https://drive.google.com/uc?export=view&id=1ye1JGLTpp3GHWMSjsRjIm8ECFSgTkJcW,img / logos
jurassicpark2.png,https://drive.google.com/uc?export=view&id=1An2soksbEZ75vmUqqrV9EzAAAhOU5Erc,img / logos
spiderman3.png,https://drive.google.com/uc?export=view&id=1YknOLaoH6bwnfmbnWXnntngpABVxwnby,img / logos
jurassicpark4.png,https://drive.google.com/uc?export=view&id=13rjg6FXHDpV2rx2TLpb6YBolEWzuTQyB,img / logos
thor4.png,https://drive.google.com/uc?export=view&id=1D3yTWQE0a7MJLiJZV1wcj8CAtgD3nVTl,img / logos
bpanther2.png,https://drive.google.com/uc?export=view&id=1SZYf_Yy2vAiOU2QDPLNZMX3zgc5IyMBE,img / logos
jurassicpark3.png,https://drive.google.com/uc?export=view&id=1abywDP2svBrYz9lVt2Jrbq2kPUU8_rpv,img / logos
dstrange2.png,https://drive.google.com/uc?export=view&id=1gRMjmGh7Mwt1kgjmSI7iuJYsEF3yuGSX,img / logos
jurassicpark.png,https://drive.google.com/uc?export=view&id=1AnAhA0WRHfHu2gcV1R4F4-SB31ICKSAr,img / logos
lordring5.png,https://drive.google.com/uc?export=view&id=1PAZXV3zmL1kP5PUGZ_I9xASw1lRx-kyJ,img / logos
lordring6.png,https://drive.google.com/uc?export=view&id=145HrKN87gO6BOi8WNei0_f37rGvA5Qt2,img / logos
lordring4.png,https://drive.google.com/uc?export=view&id=1Ff925bfCr1vE1c50uVvhqojwbAnL1Obs,img / logos
shangchi.png,https://drive.google.com/uc?export=view&id=1hB_CkU3PvYJB2qZJi7P_PLmXAJT6ZigQ,img / logos
jurassicpark5.png,https://drive.google.com/uc?export=view&id=1fCPCGUQYkZWoPPHpTudrbCXAEjuNy5ow,img / logos